{"cameraMode":{"drawMode":0,"name":"Shaded","section":"Shading Mode"},"sceneLighting":true,"audioPlay":false,"sceneViewState":{"showFog":true,"showMaterialUpdate":false,"showSkybox":true,"showFlares":true,"showImageEffects":true,"showParticleSystems":true,"showVisualEffectGraphs":true,"m_FxEnabled":true},"in2DMode":false,"pivot":{"x":0.06261014938354492,"y":-3.3960084915161135,"z":-18.09896469116211},"rotation":{"x":0.0018234762828797103,"y":0.9888812303543091,"z":-0.14825120568275453,"w":0.012165363878011704},"size":14.223118782043457,"orthographic":false}