{"cameraMode":{"drawMode":0,"name":"Shaded","section":"Shading Mode"},"sceneLighting":false,"audioPlay":false,"sceneViewState":{"showFog":true,"showMaterialUpdate":false,"showSkybox":false,"showFlares":true,"showImageEffects":true,"showParticleSystems":true,"showVisualEffectGraphs":true,"m_FxEnabled":true},"in2DMode":false,"pivot":{"x":11.322420120239258,"y":1.5717380046844483,"z":0.23317348957061768},"rotation":{"x":0.22144369781017304,"y":-0.06577254086732865,"z":0.014963969588279724,"w":0.9728508591651917},"size":2.8874671459198,"orthographic":false}