{"cameraMode":{"drawMode":0,"name":"Shaded","section":"Shading Mode"},"sceneLighting":false,"audioPlay":false,"sceneViewState":{"showFog":true,"showMaterialUpdate":false,"showSkybox":false,"showFlares":true,"showImageEffects":true,"showParticleSystems":true,"showVisualEffectGraphs":true,"m_FxEnabled":true},"in2DMode":false,"pivot":{"x":-8.329999923706055,"y":0.6551928520202637,"z":-8.149999618530274},"rotation":{"x":0.22144369781017304,"y":-0.06577254086732865,"z":0.014963969588279724,"w":0.9728508591651917},"size":1.2803688049316407,"orthographic":false}